dataset,frame,perturb_type,perturb_value,distance_bin,distance_m,object_class,n_points,inside_image,inside_fov_ratio,object_points,hits,hit_ratio,alignment_score,drop_pp,warning,detected
kitti_mini,000015,yaw,0,0-15m,5.22,Car,122583,18334,0.1496,1650,1637,0.9921,0.9921,-1.23,0,0
kitti_mini,000015,yaw,0,0-15m,9.05,Pedestrian,122583,18334,0.1496,386,371,0.9611,0.9611,1.87,0,0
kitti_mini,000015,yaw,0,15-30m,24.31,Pedestrian,122583,18334,0.1496,55,49,0.8909,0.8909,8.89,0,0
kitti_mini,000015,yaw,0,15-30m,24.48,Pedestrian,122583,18334,0.1496,70,59,0.8429,0.8429,13.69,0,0
kitti_mini,000015,yaw,0,15-30m,23.41,Pedestrian,122583,18334,0.1496,66,66,1.0,1.0,-2.02,0,0
kitti_mini,000015,yaw,0.5,0-15m,5.22,Car,122583,18379,0.1499,1629,1612,0.9896,0.9896,-0.98,0,0
kitti_mini,000015,yaw,0.5,0-15m,9.05,Pedestrian,122583,18379,0.1499,386,330,0.8549,0.8549,12.49,0,0
kitti_mini,000015,yaw,0.5,15-30m,24.31,Pedestrian,122583,18379,0.1499,55,19,0.3455,0.3455,63.43,1,1
kitti_mini,000015,yaw,0.5,15-30m,24.48,Pedestrian,122583,18379,0.1499,70,31,0.4429,0.4429,53.69,1,1
kitti_mini,000015,yaw,0.5,15-30m,23.41,Pedestrian,122583,18379,0.1499,66,50,0.7576,0.7576,22.22,1,1
kitti_mini,000015,yaw,1,0-15m,5.22,Car,122583,18441,0.1504,1605,1589,0.99,0.99,-1.02,0,0
kitti_mini,000015,yaw,1,0-15m,9.05,Pedestrian,122583,18441,0.1504,386,269,0.6969,0.6969,28.29,1,1
kitti_mini,000015,yaw,1,15-30m,24.31,Pedestrian,122583,18441,0.1504,55,0,0.0,0.0,97.98,1,1
kitti_mini,000015,yaw,1,15-30m,24.48,Pedestrian,122583,18441,0.1504,70,6,0.0857,0.0857,89.41,1,1
kitti_mini,000015,yaw,1,15-30m,23.41,Pedestrian,122583,18441,0.1504,66,17,0.2576,0.2576,72.22,1,1
kitti_mini,000015,yaw,2,0-15m,5.22,Car,122583,18470,0.1507,1558,1547,0.9929,0.9929,-1.31,0,0
kitti_mini,000015,yaw,2,0-15m,9.05,Pedestrian,122583,18470,0.1507,386,126,0.3264,0.3264,65.34,1,1
kitti_mini,000015,yaw,2,15-30m,24.31,Pedestrian,122583,18470,0.1507,55,0,0.0,0.0,97.98,1,1
kitti_mini,000015,yaw,2,15-30m,24.48,Pedestrian,122583,18470,0.1507,70,0,0.0,0.0,97.98,1,1
kitti_mini,000015,yaw,2,15-30m,23.41,Pedestrian,122583,18470,0.1507,66,0,0.0,0.0,97.98,1,1
kitti_mini,000015,yaw,3,0-15m,5.22,Car,122583,18540,0.1512,1521,1512,0.9941,0.9941,-1.43,0,0
kitti_mini,000015,yaw,3,0-15m,9.05,Pedestrian,122583,18540,0.1512,386,26,0.0674,0.0674,91.24,1,1
kitti_mini,000015,yaw,3,15-30m,24.31,Pedestrian,122583,18540,0.1512,55,0,0.0,0.0,97.98,1,1
kitti_mini,000015,yaw,3,15-30m,24.48,Pedestrian,122583,18540,0.1512,70,0,0.0,0.0,97.98,1,1
kitti_mini,000015,yaw,3,15-30m,23.41,Pedestrian,122583,18540,0.1512,66,0,0.0,0.0,97.98,1,1
kitti_mini,000015,pitch,0,0-15m,5.22,Car,122583,18334,0.1496,1650,1637,0.9921,0.9921,-1.23,0,0
kitti_mini,000015,pitch,0,0-15m,9.05,Pedestrian,122583,18334,0.1496,386,371,0.9611,0.9611,1.87,0,0
kitti_mini,000015,pitch,0,15-30m,24.31,Pedestrian,122583,18334,0.1496,55,49,0.8909,0.8909,8.89,0,0
kitti_mini,000015,pitch,0,15-30m,24.48,Pedestrian,122583,18334,0.1496,70,59,0.8429,0.8429,13.69,0,0
kitti_mini,000015,pitch,0,15-30m,23.41,Pedestrian,122583,18334,0.1496,66,66,1.0,1.0,-2.02,0,0
kitti_mini,000015,pitch,0.5,0-15m,5.22,Car,122583,17894,0.146,1549,1536,0.9916,0.9916,-1.18,0,0
kitti_mini,000015,pitch,0.5,0-15m,9.05,Pedestrian,122583,17894,0.146,386,372,0.9637,0.9637,1.61,0,0
kitti_mini,000015,pitch,0.5,15-30m,24.31,Pedestrian,122583,17894,0.146,55,45,0.8182,0.8182,16.16,0,0
kitti_mini,000015,pitch,0.5,15-30m,24.48,Pedestrian,122583,17894,0.146,70,58,0.8286,0.8286,15.12,0,0
kitti_mini,000015,pitch,0.5,15-30m,23.41,Pedestrian,122583,17894,0.146,66,63,0.9545,0.9545,2.52,0,0
kitti_mini,000015,pitch,1,0-15m,5.22,Car,122583,17487,0.1427,1442,1428,0.9903,0.9903,-1.05,0,0
kitti_mini,000015,pitch,1,0-15m,9.05,Pedestrian,122583,17487,0.1427,386,361,0.9352,0.9352,4.46,0,0
kitti_mini,000015,pitch,1,15-30m,24.31,Pedestrian,122583,17487,0.1427,55,39,0.7091,0.7091,27.07,1,1
kitti_mini,000015,pitch,1,15-30m,24.48,Pedestrian,122583,17487,0.1427,70,48,0.6857,0.6857,29.41,1,1
kitti_mini,000015,pitch,1,15-30m,23.41,Pedestrian,122583,17487,0.1427,66,56,0.8485,0.8485,13.13,0,0
kitti_mini,000015,pitch,2,0-15m,5.22,Car,122583,16666,0.136,1234,1225,0.9927,0.9927,-1.29,0,0
kitti_mini,000015,pitch,2,0-15m,9.05,Pedestrian,122583,16666,0.136,386,335,0.8679,0.8679,11.19,0,0
kitti_mini,000015,pitch,2,15-30m,24.31,Pedestrian,122583,16666,0.136,55,28,0.5091,0.5091,47.07,1,1
kitti_mini,000015,pitch,2,15-30m,24.48,Pedestrian,122583,16666,0.136,70,31,0.4429,0.4429,53.69,1,1
kitti_mini,000015,pitch,2,15-30m,23.41,Pedestrian,122583,16666,0.136,66,37,0.5606,0.5606,41.92,1,1
kitti_mini,000015,pitch,3,0-15m,5.22,Car,122583,15795,0.1289,1034,1024,0.9903,0.9903,-1.05,0,0
kitti_mini,000015,pitch,3,0-15m,9.05,Pedestrian,122583,15795,0.1289,386,316,0.8187,0.8187,16.11,0,0
kitti_mini,000015,pitch,3,15-30m,24.31,Pedestrian,122583,15795,0.1289,55,11,0.2,0.2,77.98,1,1
kitti_mini,000015,pitch,3,15-30m,24.48,Pedestrian,122583,15795,0.1289,70,14,0.2,0.2,77.98,1,1
kitti_mini,000015,pitch,3,15-30m,23.41,Pedestrian,122583,15795,0.1289,66,12,0.1818,0.1818,79.8,1,1
kitti_mini,000015,roll,0,0-15m,5.22,Car,122583,18334,0.1496,1650,1637,0.9921,0.9921,-1.23,0,0
kitti_mini,000015,roll,0,0-15m,9.05,Pedestrian,122583,18334,0.1496,386,371,0.9611,0.9611,1.87,0,0
kitti_mini,000015,roll,0,15-30m,24.31,Pedestrian,122583,18334,0.1496,55,49,0.8909,0.8909,8.89,0,0
kitti_mini,000015,roll,0,15-30m,24.48,Pedestrian,122583,18334,0.1496,70,59,0.8429,0.8429,13.69,0,0
kitti_mini,000015,roll,0,15-30m,23.41,Pedestrian,122583,18334,0.1496,66,66,1.0,1.0,-2.02,0,0
kitti_mini,000015,roll,0.5,0-15m,5.22,Car,122583,18331,0.1495,1699,1688,0.9935,0.9935,-1.37,0,0
kitti_mini,000015,roll,0.5,0-15m,9.05,Pedestrian,122583,18331,0.1495,386,370,0.9585,0.9585,2.12,0,0
kitti_mini,000015,roll,0.5,15-30m,24.31,Pedestrian,122583,18331,0.1495,55,49,0.8909,0.8909,8.89,0,0
kitti_mini,000015,roll,0.5,15-30m,24.48,Pedestrian,122583,18331,0.1495,70,59,0.8429,0.8429,13.69,0,0
kitti_mini,000015,roll,0.5,15-30m,23.41,Pedestrian,122583,18331,0.1495,66,66,1.0,1.0,-2.02,0,0
kitti_mini,000015,roll,1,0-15m,5.22,Car,122583,18307,0.1493,1745,1730,0.9914,0.9914,-1.16,0,0
kitti_mini,000015,roll,1,0-15m,9.05,Pedestrian,122583,18307,0.1493,386,369,0.956,0.956,2.38,0,0
kitti_mini,000015,roll,1,15-30m,24.31,Pedestrian,122583,18307,0.1493,55,49,0.8909,0.8909,8.89,0,0
kitti_mini,000015,roll,1,15-30m,24.48,Pedestrian,122583,18307,0.1493,70,59,0.8429,0.8429,13.69,0,0
kitti_mini,000015,roll,1,15-30m,23.41,Pedestrian,122583,18307,0.1493,66,66,1.0,1.0,-2.02,0,0
kitti_mini,000015,roll,2,0-15m,5.22,Car,122583,18343,0.1496,1859,1825,0.9817,0.9817,-0.19,0,0
kitti_mini,000015,roll,2,0-15m,9.05,Pedestrian,122583,18343,0.1496,386,348,0.9016,0.9016,7.82,0,0
kitti_mini,000015,roll,2,15-30m,24.31,Pedestrian,122583,18343,0.1496,55,47,0.8545,0.8545,12.52,0,0
kitti_mini,000015,roll,2,15-30m,24.48,Pedestrian,122583,18343,0.1496,70,56,0.8,0.8,17.98,0,0
kitti_mini,000015,roll,2,15-30m,23.41,Pedestrian,122583,18343,0.1496,66,66,1.0,1.0,-2.02,0,0
kitti_mini,000015,roll,3,0-15m,5.22,Car,122583,18352,0.1497,1953,1838,0.9411,0.9411,3.87,0,0
kitti_mini,000015,roll,3,0-15m,9.05,Pedestrian,122583,18352,0.1497,386,331,0.8575,0.8575,12.23,0,0
kitti_mini,000015,roll,3,15-30m,24.31,Pedestrian,122583,18352,0.1497,55,41,0.7455,0.7455,23.43,1,1
kitti_mini,000015,roll,3,15-30m,24.48,Pedestrian,122583,18352,0.1497,70,55,0.7857,0.7857,19.41,1,0
kitti_mini,000015,roll,3,15-30m,23.41,Pedestrian,122583,18352,0.1497,66,66,1.0,1.0,-2.02,0,0
kitti_mini,000001,yaw,0,>30m,60.83,Car,120268,18630,0.1549,9,9,1.0,1.0,0.0,0,0
kitti_mini,000001,yaw,0,>30m,46.09,Cyclist,120268,18630,0.1549,18,18,1.0,1.0,0.0,0,0
kitti_mini,000001,yaw,0.5,>30m,60.83,Car,120268,18629,0.1549,9,9,1.0,1.0,0.0,0,0
kitti_mini,000001,yaw,0.5,>30m,46.09,Cyclist,120268,18629,0.1549,18,10,0.5556,0.5556,44.44,1,1
kitti_mini,000001,yaw,1,>30m,60.83,Car,120268,18630,0.1549,9,3,0.3333,0.3333,66.67,1,1
kitti_mini,000001,yaw,1,>30m,46.09,Cyclist,120268,18630,0.1549,18,0,0.0,0.0,100.0,1,1
kitti_mini,000001,yaw,2,>30m,60.83,Car,120268,18633,0.1549,9,0,0.0,0.0,100.0,1,1
kitti_mini,000001,yaw,2,>30m,46.09,Cyclist,120268,18633,0.1549,18,0,0.0,0.0,100.0,1,1
kitti_mini,000001,yaw,3,>30m,60.83,Car,120268,18635,0.1549,9,0,0.0,0.0,100.0,1,1
kitti_mini,000001,yaw,3,>30m,46.09,Cyclist,120268,18635,0.1549,18,0,0.0,0.0,100.0,1,1
kitti_mini,000001,pitch,0,>30m,60.83,Car,120268,18630,0.1549,9,9,1.0,1.0,0.0,0,0
kitti_mini,000001,pitch,0,>30m,46.09,Cyclist,120268,18630,0.1549,18,18,1.0,1.0,0.0,0,0
kitti_mini,000001,pitch,0.5,>30m,60.83,Car,120268,18174,0.1511,9,4,0.4444,0.4444,55.56,1,1
kitti_mini,000001,pitch,0.5,>30m,46.09,Cyclist,120268,18174,0.1511,18,17,0.9444,0.9444,5.56,0,0
kitti_mini,000001,pitch,1,>30m,60.83,Car,120268,17730,0.1474,9,0,0.0,0.0,100.0,1,1
kitti_mini,000001,pitch,1,>30m,46.09,Cyclist,120268,17730,0.1474,18,13,0.7222,0.7222,27.78,1,1
kitti_mini,000001,pitch,2,>30m,60.83,Car,120268,16815,0.1398,9,0,0.0,0.0,100.0,1,1
kitti_mini,000001,pitch,2,>30m,46.09,Cyclist,120268,16815,0.1398,18,2,0.1111,0.1111,88.89,1,1
kitti_mini,000001,pitch,3,>30m,60.83,Car,120268,15870,0.132,9,0,0.0,0.0,100.0,1,1
kitti_mini,000001,pitch,3,>30m,46.09,Cyclist,120268,15870,0.132,18,0,0.0,0.0,100.0,1,1
kitti_mini,000001,roll,0,>30m,60.83,Car,120268,18630,0.1549,9,9,1.0,1.0,0.0,0,0
kitti_mini,000001,roll,0,>30m,46.09,Cyclist,120268,18630,0.1549,18,18,1.0,1.0,0.0,0,0
kitti_mini,000001,roll,0.5,>30m,60.83,Car,120268,18636,0.155,9,9,1.0,1.0,0.0,0,0
kitti_mini,000001,roll,0.5,>30m,46.09,Cyclist,120268,18636,0.155,18,18,1.0,1.0,0.0,0,0
kitti_mini,000001,roll,1,>30m,60.83,Car,120268,18644,0.155,9,9,1.0,1.0,0.0,0,0
kitti_mini,000001,roll,1,>30m,46.09,Cyclist,120268,18644,0.155,18,18,1.0,1.0,0.0,0,0
kitti_mini,000001,roll,2,>30m,60.83,Car,120268,18620,0.1548,9,9,1.0,1.0,0.0,0,0
kitti_mini,000001,roll,2,>30m,46.09,Cyclist,120268,18620,0.1548,18,18,1.0,1.0,0.0,0,0
kitti_mini,000001,roll,3,>30m,60.83,Car,120268,18663,0.1552,9,9,1.0,1.0,0.0,0,0
kitti_mini,000001,roll,3,>30m,46.09,Cyclist,120268,18663,0.1552,18,17,0.9444,0.9444,5.56,0,0
kitti_mini,000004,yaw,0,>30m,41.42,Car,115976,19063,0.1644,77,77,1.0,1.0,0.0,0,0
kitti_mini,000004,yaw,0,>30m,53.63,Car,115976,19063,0.1644,26,26,1.0,1.0,0.0,0,0
kitti_mini,000004,yaw,0.5,>30m,41.42,Car,115976,19053,0.1643,77,75,0.974,0.974,2.6,0,0
kitti_mini,000004,yaw,0.5,>30m,53.63,Car,115976,19053,0.1643,26,22,0.8462,0.8462,15.38,0,0
kitti_mini,000004,yaw,1,>30m,41.42,Car,115976,19032,0.1641,77,65,0.8442,0.8442,15.58,0,0
kitti_mini,000004,yaw,1,>30m,53.63,Car,115976,19032,0.1641,26,17,0.6538,0.6538,34.62,1,1
kitti_mini,000004,yaw,2,>30m,41.42,Car,115976,18975,0.1636,77,47,0.6104,0.6104,38.96,1,1
kitti_mini,000004,yaw,2,>30m,53.63,Car,115976,18975,0.1636,26,9,0.3462,0.3462,65.38,1,1
kitti_mini,000004,yaw,3,>30m,41.42,Car,115976,18965,0.1635,77,21,0.2727,0.2727,72.73,1,1
kitti_mini,000004,yaw,3,>30m,53.63,Car,115976,18965,0.1635,26,0,0.0,0.0,100.0,1,1
kitti_mini,000004,pitch,0,>30m,41.42,Car,115976,19063,0.1644,77,77,1.0,1.0,0.0,0,0
kitti_mini,000004,pitch,0,>30m,53.63,Car,115976,19063,0.1644,26,26,1.0,1.0,0.0,0,0
kitti_mini,000004,pitch,0.5,>30m,41.42,Car,115976,18606,0.1604,77,66,0.8571,0.8571,14.29,0,0
kitti_mini,000004,pitch,0.5,>30m,53.63,Car,115976,18606,0.1604,26,26,1.0,1.0,0.0,0,0
kitti_mini,000004,pitch,1,>30m,41.42,Car,115976,18158,0.1566,77,24,0.3117,0.3117,68.83,1,1
kitti_mini,000004,pitch,1,>30m,53.63,Car,115976,18158,0.1566,26,1,0.0385,0.0385,96.15,1,1
kitti_mini,000004,pitch,2,>30m,41.42,Car,115976,17240,0.1487,77,0,0.0,0.0,100.0,1,1
kitti_mini,000004,pitch,2,>30m,53.63,Car,115976,17240,0.1487,26,0,0.0,0.0,100.0,1,1
kitti_mini,000004,pitch,3,>30m,41.42,Car,115976,16290,0.1405,77,0,0.0,0.0,100.0,1,1
kitti_mini,000004,pitch,3,>30m,53.63,Car,115976,16290,0.1405,26,0,0.0,0.0,100.0,1,1
kitti_mini,000004,roll,0,>30m,41.42,Car,115976,19063,0.1644,77,77,1.0,1.0,0.0,0,0
kitti_mini,000004,roll,0,>30m,53.63,Car,115976,19063,0.1644,26,26,1.0,1.0,0.0,0,0
kitti_mini,000004,roll,0.5,>30m,41.42,Car,115976,19070,0.1644,77,77,1.0,1.0,0.0,0,0
kitti_mini,000004,roll,0.5,>30m,53.63,Car,115976,19070,0.1644,26,26,1.0,1.0,0.0,0,0
kitti_mini,000004,roll,1,>30m,41.42,Car,115976,19056,0.1643,77,77,1.0,1.0,0.0,0,0
kitti_mini,000004,roll,1,>30m,53.63,Car,115976,19056,0.1643,26,26,1.0,1.0,0.0,0,0
kitti_mini,000004,roll,2,>30m,41.42,Car,115976,19041,0.1642,77,73,0.9481,0.9481,5.19,0,0
kitti_mini,000004,roll,2,>30m,53.63,Car,115976,19041,0.1642,26,25,0.9615,0.9615,3.85,0,0
kitti_mini,000004,roll,3,>30m,41.42,Car,115976,19076,0.1645,77,53,0.6883,0.6883,31.17,1,1
kitti_mini,000004,roll,3,>30m,53.63,Car,115976,19076,0.1645,26,13,0.5,0.5,50.0,1,1
